{
	"IcoMoonType": "selection",
	"icons": [
		{
			"icon": {
				"paths": [
					"M320 682.667c-94.123 0-170.667-76.544-170.667-170.667s76.544-170.667 170.667-170.667 170.667 76.544 170.667 170.667-76.544 170.667-170.667 170.667zM320 426.667c-47.061 0-85.333 38.272-85.333 85.333s38.272 85.333 85.333 85.333 85.333-38.272 85.333-85.333-38.272-85.333-85.333-85.333z",
					"M704 341.333c-94.123 0-170.667 76.544-170.667 170.667s76.544 170.667 170.667 170.667 170.667-76.544 170.667-170.667-76.544-170.667-170.667-170.667z"
				],
				"attrs": [
					{},
					{}
				],
				"isMulticolor": false,
				"tags": [
					"flickr"
				],
				"grid": 20
			},
			"attrs": [
				{},
				{}
			],
			"properties": {
				"order": 54,
				"id": 0,
				"prevSize": 24,
				"code": 58930,
				"name": "flickr"
			},
			"setIdx": 0,
			"setId": 5,
			"iconIdx": 0
		},
		{
			"icon": {
				"paths": [
					"M512 20.48c-271.462 0-491.52 220.058-491.52 491.52s220.058 491.52 491.52 491.52 491.52-220.058 491.52-491.52-220.058-491.52-491.52-491.52zM380.723 614.4c-56.115 0-101.478-45.824-101.478-102.4s45.414-102.4 101.478-102.4c56.013 0 101.478 45.824 101.478 102.4s-45.517 102.4-101.478 102.4zM643.328 614.4c-56.064 0-101.53-45.824-101.53-102.4s45.466-102.4 101.53-102.4c56.115 0 101.478 45.824 101.478 102.4s-45.414 102.4-101.478 102.4z"
				],
				"attrs": [
					{}
				],
				"isMulticolor": false,
				"tags": [
					"flickr-circle"
				],
				"grid": 20
			},
			"attrs": [
				{}
			],
			"properties": {
				"order": 1,
				"id": 0,
				"prevSize": 24,
				"code": 58932,
				"name": "flickr-circle"
			},
			"setIdx": 1,
			"setId": 4,
			"iconIdx": 0
		},
		{
			"icon": {
				"paths": [
					"M1023.052 511.052l-511.052-511.052-511.052 511.052h173.511v515.793h223.763v-311.467l226.133-0.474v303.407l0.948 8.533h224.237v-515.793z"
				],
				"attrs": [
					{}
				],
				"isMulticolor": false,
				"grid": 20,
				"tags": [
					"home"
				]
			},
			"attrs": [
				{}
			],
			"properties": {
				"order": 1,
				"id": 89,
				"name": "home",
				"prevSize": 24,
				"code": 58889
			},
			"setIdx": 3,
			"setId": 2,
			"iconIdx": 0
		},
		{
			"icon": {
				"paths": [
					"M1024 591.17v-157.393h-1024v157.393h1024z",
					"M1023.052 275.437v-157.393h-1024v157.393h1024z",
					"M1023.052 905.956v-157.393h-1024v157.393h1024z"
				],
				"attrs": [
					{},
					{},
					{}
				],
				"isMulticolor": false,
				"grid": 20,
				"tags": [
					"menu"
				]
			},
			"attrs": [
				{},
				{},
				{}
			],
			"properties": {
				"order": 2,
				"id": 93,
				"name": "menu",
				"prevSize": 24,
				"code": 58888
			},
			"setIdx": 3,
			"setId": 2,
			"iconIdx": 1
		},
		{
			"icon": {
				"paths": [
					"M156.32 355.68l111.36 111.36 244.32-244.64 244.32 244.32 111.36-111.36-355.68-355.36-355.68 355.68z",
					"M867.36 669.76l-111.52-111.36-244 244.64-244.16-244.64-111.36 111.36 355.52 355.52 355.52-355.52z"
				],
				"attrs": [
					{},
					{}
				],
				"isMulticolor": false,
				"grid": 20,
				"tags": [
					"chevron-up-down"
				]
			},
			"attrs": [
				{},
				{}
			],
			"properties": {
				"order": 51,
				"id": 100,
				"prevSize": 24,
				"code": 58931,
				"name": "chevron-up-down"
			},
			"setIdx": 3,
			"setId": 2,
			"iconIdx": 2
		},
		{
			"icon": {
				"paths": [
					"M156.114 447.086l111.314 111.314 244.343-244.571 244.343 244.343 111.314-111.314-355.657-355.429-355.657 355.657z"
				],
				"attrs": [
					{}
				],
				"isMulticolor": false,
				"grid": 20,
				"tags": [
					"chevron-up"
				]
			},
			"attrs": [
				{}
			],
			"properties": {
				"order": 3,
				"id": 85,
				"prevSize": 24,
				"code": 58882,
				"name": "chevron-up"
			},
			"setIdx": 3,
			"setId": 2,
			"iconIdx": 3
		},
		{
			"icon": {
				"paths": [
					"M576.686 155.429l-111.314 111.314 244.343 244.343-244.343 244.343 111.314 111.314 355.657-355.886-355.657-355.429z"
				],
				"attrs": [
					{}
				],
				"isMulticolor": false,
				"grid": 20,
				"tags": [
					"chevron-right"
				]
			},
			"attrs": [
				{}
			],
			"properties": {
				"order": 4,
				"id": 82,
				"prevSize": 24,
				"code": 58892,
				"name": "chevron-right"
			},
			"setIdx": 3,
			"setId": 2,
			"iconIdx": 4
		},
		{
			"icon": {
				"paths": [
					"M868.030 576.948l-111.407-111.407-244.148 244.622-244.148-244.622-111.407 111.407 355.556 355.556 355.556-355.556z"
				],
				"attrs": [
					{}
				],
				"isMulticolor": false,
				"grid": 20,
				"tags": [
					"chevron-down"
				]
			},
			"attrs": [
				{}
			],
			"properties": {
				"order": 5,
				"id": 83,
				"prevSize": 24,
				"code": 58891,
				"name": "chevron-down"
			},
			"setIdx": 3,
			"setId": 2,
			"iconIdx": 5
		},
		{
			"icon": {
				"paths": [
					"M446.857 866.514l111.314-111.314-244.571-244.343 244.343-244.343-111.086-111.086-355.657 355.429 355.657 355.657z"
				],
				"attrs": [
					{}
				],
				"isMulticolor": false,
				"grid": 20,
				"tags": [
					"chevron-left"
				]
			},
			"attrs": [
				{}
			],
			"properties": {
				"order": 6,
				"id": 86,
				"prevSize": 24,
				"code": 58881,
				"name": "chevron-left"
			},
			"setIdx": 3,
			"setId": 2,
			"iconIdx": 6
		},
		{
			"icon": {
				"paths": [
					"M889.371 201.371l-488.914 488.914-244.343-244.343-111.314 111.314 355.657 355.657 600.229-600.229z"
				],
				"attrs": [
					{}
				],
				"isMulticolor": false,
				"grid": 20,
				"tags": [
					"check"
				]
			},
			"attrs": [
				{}
			],
			"properties": {
				"order": 7,
				"id": 81,
				"prevSize": 24,
				"code": 58893,
				"name": "check"
			},
			"setIdx": 3,
			"setId": 2,
			"iconIdx": 7
		},
		{
			"icon": {
				"paths": [
					"M867.429 266.514l-111.314-111.086-244.343 244.343-244.343-244.343-111.314 111.314 244.343 244.343-244.343 244.343 111.314 111.314 244.343-244.571 244.343 244.343 111.314-111.314-244.343-244.343 244.343-244.343z"
				],
				"attrs": [
					{}
				],
				"isMulticolor": false,
				"grid": 20,
				"tags": [
					"cross"
				]
			},
			"attrs": [
				{}
			],
			"properties": {
				"order": 8,
				"id": 80,
				"prevSize": 24,
				"code": 58894,
				"name": "cross"
			},
			"setIdx": 3,
			"setId": 2,
			"iconIdx": 8
		},
		{
			"icon": {
				"paths": [
					"M1023.771 510.857l-512-510.857-512 510.857 512 513.143 512-513.143zM222.171 510.857l289.6-288.457 289.6 288.457-289.6 290.743-289.6-290.743z"
				],
				"attrs": [
					{}
				],
				"isMulticolor": false,
				"grid": 20,
				"tags": [
					"diamond"
				]
			},
			"attrs": [
				{}
			],
			"properties": {
				"order": 9,
				"id": 84,
				"prevSize": 24,
				"code": 58886,
				"name": "diamond"
			},
			"setIdx": 3,
			"setId": 2,
			"iconIdx": 9
		},
		{
			"icon": {
				"paths": [
					"M936.77 589.748v-157.393h-345.6v-345.6h-157.393v345.6h-345.6v157.393h345.6v345.6h157.393v-345.6h345.6z"
				],
				"attrs": [
					{}
				],
				"isMulticolor": false,
				"grid": 20,
				"tags": [
					"plus"
				]
			},
			"attrs": [
				{}
			],
			"properties": {
				"order": 47,
				"id": 87,
				"name": "plus",
				"prevSize": 24,
				"code": 58880
			},
			"setIdx": 3,
			"setId": 2,
			"iconIdx": 10
		},
		{
			"icon": {
				"paths": [
					"M936.77 589.748v-157.393h-848.593v157.393h848.593z"
				],
				"attrs": [
					{}
				],
				"isMulticolor": false,
				"grid": 20,
				"tags": [
					"minus"
				]
			},
			"attrs": [
				{}
			],
			"properties": {
				"order": 48,
				"id": 88,
				"name": "minus",
				"prevSize": 24,
				"code": 58883
			},
			"setIdx": 3,
			"setId": 2,
			"iconIdx": 11
		},
		{
			"icon": {
				"paths": [
					"M0 0v1024h1024v-1024h-1024zM157.393 157.393h275.911v275.911h-275.911v-275.911zM157.393 866.607v-275.911h275.911v275.911h-275.911zM866.607 866.607h-275.911v-275.911h275.911v275.911zM590.696 433.304v-275.911h275.911v275.911h-275.911z"
				],
				"attrs": [
					{}
				],
				"isMulticolor": false,
				"grid": 20,
				"tags": [
					"category"
				]
			},
			"attrs": [
				{}
			],
			"properties": {
				"order": 49,
				"id": 91,
				"name": "category",
				"prevSize": 24,
				"code": 58884
			},
			"setIdx": 3,
			"setId": 2,
			"iconIdx": 12
		},
		{
			"icon": {
				"paths": [
					"M314.785 275.911h389.689v157.393h-389.689v-157.393z",
					"M310.044 590.696h389.689v157.393h-389.689v-157.393z",
					"M0 0v1024h1024v-1024h-1024zM866.607 866.607h-709.215v-709.215h709.215v709.215z"
				],
				"attrs": [
					{},
					{},
					{}
				],
				"isMulticolor": false,
				"grid": 20,
				"tags": [
					"tag"
				]
			},
			"attrs": [
				{},
				{},
				{}
			],
			"properties": {
				"order": 50,
				"id": 90,
				"name": "tag",
				"prevSize": 24,
				"code": 58885
			},
			"setIdx": 3,
			"setId": 2,
			"iconIdx": 13
		},
		{
			"icon": {
				"paths": [
					"M111.407 156.444l-111.407 111.407 244.148 244.148-244.148 244.148 111.407 111.407 355.556-356.030-355.556-355.081z",
					"M512 0v157.393h354.607v709.215h-354.607v157.393h512v-1024z"
				],
				"attrs": [
					{},
					{}
				],
				"isMulticolor": false,
				"grid": 20,
				"tags": [
					"more"
				]
			},
			"attrs": [
				{},
				{}
			],
			"properties": {
				"order": 10,
				"id": 92,
				"name": "more",
				"prevSize": 24,
				"code": 58887
			},
			"setIdx": 3,
			"setId": 2,
			"iconIdx": 14
		},
		{
			"icon": {
				"paths": [
					"M512 275.233c-130.867 0-236.767 105.898-236.767 236.767 0 36.592 8.18 71.461 23.246 102.456l85.666-85.237c-0.862-5.597-1.291-11.193-1.291-17.219 0-71.461 57.684-129.145 129.145-129.145 6.026 0 11.623 0.429 17.219 1.291l85.237-85.237c-30.995-15.067-65.864-23.677-102.456-23.677zM725.52 409.544l-46.923 46.492h63.281c-3.875-16.358-9.471-31.856-16.358-46.492zM512 641.145c-6.026 0-11.622-0.429-17.22-1.291l-85.237 85.237c30.995 15.067 65.864 23.246 102.456 23.246 113.217 0 207.493-79.209 231.17-185.108h-112.788c-19.803 46.062-65.434 77.918-118.383 77.918zM512 90.125c-232.893 0-421.875 188.982-421.875 421.875s188.982 421.875 421.875 421.875 421.875-188.982 421.875-421.875-188.982-421.875-421.875-421.875zM176.222 512c0-185.539 150.239-335.778 335.778-335.778 73.612 0 141.63 23.677 196.732 63.711l-468.798 468.798c-40.035-55.102-63.711-123.118-63.711-196.732zM512 847.778c-73.612 0-141.63-23.677-196.732-63.711l468.798-468.798c40.035 55.102 63.711 123.118 63.711 196.732 0 185.539-150.239 335.778-335.778 335.778z"
				],
				"attrs": [
					{}
				],
				"isMulticolor": false,
				"defaultCode": 58885,
				"grid": 20,
				"tags": [
					"uncopy"
				]
			},
			"attrs": [
				{}
			],
			"properties": {
				"order": 11,
				"id": 34,
				"prevSize": 24,
				"code": 58890,
				"name": "uncopy"
			},
			"setIdx": 4,
			"setId": 0,
			"iconIdx": 0
		},
		{
			"icon": {
				"paths": [
					"M512 19.437c-272.119 0-492.563 220.444-492.563 492.563s220.444 492.563 492.563 492.563 492.563-220.444 492.563-492.563-220.444-492.563-492.563-492.563zM512 859.022c-192 0-347.022-155.022-347.022-347.022s155.022-347.022 347.022-347.022 347.022 155.022 347.022 347.022-155.022 347.022-347.022 347.022z"
				],
				"attrs": [
					{}
				],
				"isMulticolor": false,
				"grid": 20,
				"tags": [
					"inked-left"
				]
			},
			"attrs": [
				{}
			],
			"properties": {
				"order": 12,
				"id": 16,
				"prevSize": 24,
				"code": 58895,
				"name": "inked-left"
			},
			"setIdx": 4,
			"setId": 0,
			"iconIdx": 1
		},
		{
			"icon": {
				"paths": [
					"M224.711 520.533l0.474 103.822 84.385 48.356 111.407-64.474-85.333-48.83v-103.822z",
					"M310.993 10.904l-285.867 165.452v330.904l111.407 64.948-1.422-103.822 200.533-116.622v-227.081l85.807-48.83z",
					"M998.874 507.259v-330.904l-285.867-165.452-110.459 64.948 85.807 48.83v226.133l201.481 117.096-1.422 104.296z",
					"M799.763 520.059l-111.407-65.422v104.77l-85.333 48.83 111.407 64.474 85.333-48.356z",
					"M595.437 176.356l-83.437-48.83-83.437 48.83v123.259l83.911-48.83 82.963 47.881z",
					"M428.563 507.259l83.437 48.83 83.437-48.83v-104.77l-82.963-47.881-83.911 48.83z",
					"M798.815 728.178l-84.859 48.356-201.956-116.622-201.956 116.622-84.859-48.356v124.207l286.341 165.452 287.289-166.4z"
				],
				"attrs": [
					{},
					{},
					{},
					{},
					{},
					{},
					{}
				],
				"isMulticolor": false,
				"grid": 20,
				"tags": [
					"information"
				]
			},
			"attrs": [
				{},
				{},
				{},
				{},
				{},
				{},
				{}
			],
			"properties": {
				"order": 13,
				"id": 19,
				"prevSize": 24,
				"code": 58915,
				"name": "information"
			},
			"setIdx": 4,
			"setId": 0,
			"iconIdx": 2
		},
		{
			"icon": {
				"paths": [
					"M520.533 409.6c-6.637-29.867-4.741-61.156 5.215-90.548l-395.852-135.111c-89.6 104.77-130.844 239.407-118.993 372.148l509.63-146.489z",
					"M555.141 267.378c7.111-9.007 15.644-17.067 24.652-24.178 9.956-8.059 21.333-15.17 33.185-20.385l-105.244-214.281c-72.533 0.474-145.067 17.067-212.859 49.304l260.267 209.541z",
					"M669.393 206.696c24.652-2.37 48.83 0.948 72.059 8.533l43.615-127.052c-42.193-27.022-87.23-47.407-134.637-60.681l18.963 179.2z",
					"M851.911 356.504c2.37 23.704 0 48.356-8.059 71.111l171.141 58.311c-2.37-48.83-11.852-97.185-28.444-143.644l-134.637 14.222z",
					"M705.422 540.919c-29.867 3.319-60.681-0.948-88.178-12.8l-255.526 464.593c126.578 39.348 266.904 28.444 388.267-36.030l-44.563-415.763z",
					"M791.704 244.148c9.007 7.111 17.067 15.644 24.178 24.652 8.059 9.956 14.696 20.859 19.911 31.289l105.719-51.674c-10.904-17.541-22.756-35.081-36.030-51.674-12.326-15.644-26.074-30.815-39.822-44.563l-73.956 91.97z",
					"M908.326 822.993c45.985-58.311 77.274-124.681 93.867-195.319l-185.837-149.333c-7.585 9.956-16.593 18.963-26.548 27.022-9.007 7.111-18.489 13.748-28.919 18.489l147.437 299.141z"
				],
				"attrs": [
					{},
					{},
					{},
					{},
					{},
					{},
					{}
				],
				"isMulticolor": false,
				"grid": 20,
				"tags": [
					"energy"
				]
			},
			"attrs": [
				{},
				{},
				{},
				{},
				{},
				{},
				{}
			],
			"properties": {
				"order": 14,
				"id": 20,
				"prevSize": 24,
				"code": 58916,
				"name": "energy"
			},
			"setIdx": 4,
			"setId": 0,
			"iconIdx": 3
		},
		{
			"icon": {
				"paths": [
					"M512 8.533c-277.333 0-503.467 226.133-503.467 503.467s225.659 503.467 503.467 503.467c277.333 0 503.467-225.659 503.467-503.467 0-277.333-226.133-503.467-503.467-503.467zM378.785 671.763c2.844-13.748 6.637-26.548 11.852-39.348 18.963 53.57 50.726 102.4 92.444 142.222 36.978 35.556 79.17 62.578 127.052 80.593 25.126 11.378 51.674 18.963 79.17 23.704 0.948 0 1.422 0.474 2.37 0.474-51.2 25.126-108.089 39.348-165.926 41.244-18.489 0.474-37.452 0-55.941-1.896-26.074-20.385-47.407-45.985-64-75.378-29.867-51.674-38.874-112.83-27.022-171.615zM109.985 588.8c-11.378-58.311-9.481-118.044 5.215-176.356 22.756-90.074 73.956-167.822 146.963-224.711 71.585-54.993 160.237-84.859 249.363-84.859 33.659 0 67.319 4.267 100.504 12.8 71.111 17.541 114.252 90.074 96.237 161.185-15.17 58.785-67.793 100.504-128.474 100.504-10.904 0-21.807-1.422-32.711-4.267-30.341-8.059-61.156-12.326-91.97-12.326-152.178 0.474-286.815 91.496-345.126 228.030zM500.622 660.385c8.059 0.474 15.644 0.948 23.704 0.948v0c171.615 0 329.007-109.511 382.578-257.422 15.644 57.363 18.489 118.044 8.533 177.778-13.274 75.852-46.933 145.067-97.185 202.43-20.859 5.689-43.141 9.007-64.948 9.481-101.926 2.844-197.689-48.356-252.681-133.215z"
				],
				"attrs": [
					{}
				],
				"isMulticolor": false,
				"grid": 20,
				"tags": [
					"matter"
				]
			},
			"attrs": [
				{}
			],
			"properties": {
				"order": 15,
				"id": 21,
				"prevSize": 24,
				"code": 58917,
				"name": "matter"
			},
			"setIdx": 4,
			"setId": 0,
			"iconIdx": 4
		},
		{
			"icon": {
				"paths": [
					"M838.637 594.015l17.541 65.896-152.652-88.178c5.689-18.489 9.007-38.874 9.007-59.259 0-20.859-3.319-41.719-9.481-60.207l153.126-88.178-17.541 65.896 70.163-40.296 34.607-129.422-129.422-34.607-70.163 40.296 65.896 17.541-154.548 89.126c-27.022-27.97-62.578-47.881-101.452-55.941v-180.622l46.459 47.407v-80.593l-92.919-94.341-93.393 94.815v80.593l46.459-47.407v182.519c-37.452 9.956-70.163 30.341-95.763 57.363l-159.763-92.919 65.422-17.541-70.163-40.296-128.948 34.607 34.607 129.422 70.163 40.296-17.541-65.896 160.711 92.919c-5.215 17.541-8.059 36.504-8.059 55.467 0 18.489 2.844 36.978 7.585 54.044l-160.711 92.919 17.541-65.896-70.163 40.296-34.133 129.896 129.422 34.607 70.163-40.296-66.37-17.541 159.289-91.97c25.6 27.97 58.785 48.356 96.711 58.311v180.622l-46.459-47.407v80.593l93.393 94.815 93.393-94.815v-80.593l-46.459 47.407v-178.252c40.296-8.533 75.378-28.919 102.4-57.363l153.6 88.652-65.896 17.541 70.163 40.296 129.422-34.607-34.607-129.422-70.637-40.296zM512 639.526c-70.163 0-126.578-56.415-126.578-126.578s56.889-126.578 126.578-126.578 126.578 56.415 126.578 126.578-56.889 126.578-126.578 126.578z",
					"M591.644 512.948c0 43.986-35.658 79.644-79.644 79.644s-79.644-35.658-79.644-79.644c0-43.986 35.658-79.644 79.644-79.644s79.644 35.658 79.644 79.644z"
				],
				"attrs": [
					{},
					{}
				],
				"isMulticolor": false,
				"grid": 20,
				"tags": [
					"potential"
				]
			},
			"attrs": [
				{},
				{}
			],
			"properties": {
				"order": 16,
				"id": 22,
				"prevSize": 24,
				"code": 58918,
				"name": "potential"
			},
			"setIdx": 4,
			"setId": 0,
			"iconIdx": 5
		},
		{
			"icon": {
				"paths": [
					"M320.948 1015.467c-67.319-139.852-31.289-219.496 20.385-294.874 56.415-82.489 71.111-164.504 71.111-164.504s44.563 57.837 26.548 147.911c78.222-87.23 93.393-226.607 81.541-279.704 177.304 123.733 253.156 392.059 150.756 591.17 543.289-307.2 135.111-767.052 64-819.2 23.704 51.674 27.97 139.378-19.437 182.044-81.067-307.2-281.126-369.778-281.126-369.778 23.704 158.341-85.807 331.378-191.526 460.8-3.793-63.052-7.585-106.667-40.77-167.348-7.585 114.726-95.289 208.119-118.993 323.319-32.237 155.97 23.704 269.748 237.511 390.163z"
				],
				"attrs": [
					{}
				],
				"isMulticolor": false,
				"grid": 20,
				"tags": [
					"fire"
				]
			},
			"attrs": [
				{}
			],
			"properties": {
				"order": 17,
				"id": 23,
				"prevSize": 24,
				"code": 58919,
				"name": "fire"
			},
			"setIdx": 4,
			"setId": 0,
			"iconIdx": 6
		},
		{
			"icon": {
				"paths": [
					"M512 102.874c-170.667 0-311.941 45.985-424.77 137.481 45.985-70.637 106.193-127.052 181.096-169.244 74.43-41.719 155.97-62.578 243.674-62.578s169.244 20.859 243.674 63.052c74.904 42.193 135.111 98.133 181.096 169.244-112.83-91.97-254.104-137.956-424.77-137.956zM512 291.556c-109.985 0-202.43 23.704-277.333 70.637 27.496-49.304 65.896-89.6 115.2-119.467 49.304-30.341 103.348-45.037 162.133-45.037s113.304 15.17 162.133 45.037c49.304 30.341 87.704 70.163 115.2 119.941-74.904-47.407-167.348-71.111-277.333-71.111zM600.652 423.348c-25.126-25.126-54.519-37.452-88.652-37.452s-63.526 12.326-88.652 37.452c-25.126 25.126-37.452 54.519-37.452 88.652s12.326 63.526 37.452 88.652c25.126 25.126 54.519 37.452 88.652 37.452s63.526-12.326 88.652-37.452c25.126-25.126 37.452-54.519 37.452-88.652s-12.8-63.526-37.452-88.652zM789.333 661.333c-27.496 49.778-65.896 89.6-115.2 119.941s-103.348 45.037-162.133 45.037c-58.785 0-113.304-15.17-162.133-45.037-49.304-30.341-87.704-70.163-115.2-119.941 74.904 47.407 167.348 70.637 277.333 70.637 109.985 0.474 202.43-23.23 277.333-70.637zM936.77 783.17c-45.985 70.637-106.193 127.052-181.096 169.244s-155.97 63.052-243.674 63.052c-87.704 0-169.244-20.859-243.674-63.052-74.904-41.719-135.111-98.133-181.096-169.244 112.83 91.97 254.578 137.481 424.77 137.481s311.941-45.511 424.77-137.481z"
				],
				"attrs": [
					{}
				],
				"isMulticolor": false,
				"grid": 20,
				"tags": [
					"waves"
				]
			},
			"attrs": [
				{}
			],
			"properties": {
				"order": 18,
				"id": 18,
				"prevSize": 24,
				"code": 58920,
				"name": "waves"
			},
			"setIdx": 4,
			"setId": 0,
			"iconIdx": 7
		},
		{
			"icon": {
				"paths": [
					"M384 512c0-70.692 57.308-128 128-128s128 57.308 128 128c0 70.692-57.308 128-128 128s-128-57.308-128-128zM664.348 230.526c99.852 54.158 167.652 159.898 167.652 281.474s-67.8 227.316-167.652 281.474c44.066-70.126 71.652-170.27 71.652-281.474s-27.586-211.348-71.652-281.474zM288 512c0 111.204 27.584 211.348 71.652 281.474-99.852-54.16-167.652-159.898-167.652-281.474s67.8-227.314 167.652-281.474c-44.068 70.126-71.652 170.27-71.652 281.474zM96 512c0 171.9 54.404 326.184 140.652 431.722-142.302-90.948-236.652-250.314-236.652-431.722s94.35-340.774 236.652-431.722c-86.248 105.538-140.652 259.822-140.652 431.722zM787.352 80.28c142.298 90.946 236.648 250.312 236.648 431.72s-94.35 340.774-236.648 431.72c86.244-105.536 140.648-259.82 140.648-431.72s-54.404-326.184-140.648-431.72z"
				],
				"attrs": [
					{}
				],
				"isMulticolor": false,
				"defaultCode": 58886,
				"grid": 20,
				"tags": [
					"waves-alt"
				]
			},
			"attrs": [
				{}
			],
			"properties": {
				"id": 58,
				"order": 19,
				"prevSize": 24,
				"code": 58921,
				"name": "waves-alt"
			},
			"setIdx": 4,
			"setId": 0,
			"iconIdx": 8
		},
		{
			"icon": {
				"paths": [
					"M158.341 870.4c-57.363-57.363-90.074-129.896-90.074-210.015 0-159.763 130.37-290.133 290.133-290.133l362.193 9.007c20.385 0 40.77-8.533 55.941-23.704s23.23-35.081 23.704-56.415c0-44.089-41.244-84.859-85.333-85.333-44.089 0-80.119 36.030-80.119 80.119h-126.104c0-113.778 92.444-205.748 206.222-206.222 113.778 0 210.963 97.659 211.437 210.963 0 54.993-21.333 107.141-60.207 146.015s-91.496 60.681-146.489 60.207l-362.193-9.007c-89.6 0-163.556 73.481-163.556 164.030 0.474 91.022 79.17 169.719 169.719 169.719s164.030-73.956 164.030-164.030v-63.052h193.422l-5.215 120.889h-74.43c-28.919 129.422-144.593 227.081-278.281 232.296-79.644 0-152.178-33.185-204.8-85.333v0z"
				],
				"attrs": [
					{}
				],
				"isMulticolor": false,
				"grid": 20,
				"tags": [
					"loop"
				]
			},
			"attrs": [
				{}
			],
			"properties": {
				"order": 20,
				"id": 17,
				"prevSize": 24,
				"code": 58922,
				"name": "loop"
			},
			"setIdx": 4,
			"setId": 0,
			"iconIdx": 9
		},
		{
			"icon": {
				"paths": [
					"M859.022 512c0 191.655-155.367 347.022-347.022 347.022s-347.022-155.367-347.022-347.022c0-191.655 155.367-347.022 347.022-347.022s347.022 155.367 347.022 347.022z"
				],
				"attrs": [
					{}
				],
				"isMulticolor": false,
				"grid": 20,
				"tags": [
					"inked-right"
				]
			},
			"attrs": [
				{}
			],
			"properties": {
				"order": 21,
				"id": 24,
				"prevSize": 24,
				"code": 58900,
				"name": "inked-right"
			},
			"setIdx": 4,
			"setId": 0,
			"iconIdx": 10
		},
		{
			"icon": {
				"paths": [
					"M512 24c-268.8 0-488 219.2-488 488s219.2 488 488 488c268.8 0 488-219.2 488-488s-219.2-488-488-488zM512 857.6c-190.4 0-345.6-155.2-345.6-345.6 0-65.6 17.6-126.4 49.6-179.2-17.6 41.6-27.2 86.4-27.2 134.4 0 190.4 155.2 345.6 345.6 345.6 124.8 0 235.2-67.2 294.4-166.4-51.2 124.8-174.4 211.2-316.8 211.2z"
				],
				"attrs": [
					{}
				],
				"isMulticolor": false,
				"grid": 20,
				"tags": [
					"voidmoon"
				]
			},
			"attrs": [
				{}
			],
			"properties": {
				"order": 22,
				"id": 1,
				"prevSize": 24,
				"code": 58901,
				"name": "voidmoon"
			},
			"setIdx": 4,
			"setId": 0,
			"iconIdx": 11
		},
		{
			"icon": {
				"paths": [
					"M507.901 0.014c-280.092 2.041-513.546 232.335-507.739 523.049 5.543 277.397 233.836 503.74 517.469 500.911 279.087-2.784 506.778-230.42 506.31-512.016 0.57-283.040-230.792-514.023-516.040-511.944zM861.983 706.719c-4.881 8.757-10.222 17.258-15.447 26.015-95.628-50.622-198.387-80.194-302.293-112.032-1.399 97.492-3.364 193.349 3.179 290.263-9.339 0.593-18.553 1.492-27.783 1.675-8.901 0.176-17.822-0.668-26.726-0.526-5.484 0.088-7.013-2.333-7.199-7.334-0.905-24.21-2.543-48.402-2.973-72.616-0.73-41.149-1.535-82.322-0.888-123.463 1.071-68.104 3.139-136.194 5.051-204.281 0.814-28.97 2.292-57.921 3.541-88.68-4.62 7.202-8.328 13.064-12.116 18.873-13.456 20.626-28.869 39.492-49.083 53.958-12.282 8.789-25.887 14.379-40.89 16.482-22.888 3.206-43.174-7.8-54.802-30.461-4.248-8.28-7.293-17.177-11.48-27.217-35.894 99.977-82.202 193.544-148.548 277.238-1.425-1.768-2.726-2.943-3.492-4.399-8.7-16.566-17.47-33.099-25.776-49.862-1.13-2.281-0.939-6.567 0.508-8.582 56.776-79.041 97.131-166.177 127.513-258.215 17.477-52.943 31.549-106.768 40.655-161.828 0.331-2 0.969-3.949 1.648-6.658 19.811 2.018 39.488 4.022 59.756 6.085-1.907 67.627-6.645 134.936 11.006 203.421 6.759-5.096 12.076-8.443 16.607-12.639 18.92-17.521 31.735-39.476 43.494-62.002 25.764-49.357 44.545-101.508 60.2-154.794 3.584-12.198 4.889-25.066 7.273-37.62 0.206-1.084 0.637-2.126 1.238-4.077 5.86 1.688 11.409 3.459 17.046 4.884 32.717 8.271 65.598 15.941 98.152 24.814 39.363 10.728 77.286 25.212 111.319 48.316 23.272 15.799 42.595 35.183 53.743 61.649 7.962 18.902 8.424 38.725 6.923 58.658-4.823 64.076-31.573 117.518-78.953 160.704-22.788 20.77-48.483 37.299-76.013 51.053-1.212 0.605-2.38 1.296-4.914 2.685 80.594 26.881 160.215 52.137 234.602 93.526-4.867 9.378-9.242 18.312-14.077 26.988zM740.885 355.191c0.183-12.526-3.728-23.304-11.601-32.812-10.686-12.904-24.268-22.121-38.801-30.024-39.326-21.388-81.972-32.889-126.913-42.441-9.515 101.917-13.996 203.23-17.414 305.165 2.881-0.501 4.477-0.642 5.997-1.064 37.899-10.496 73.706-25.648 105.977-48.401 52-36.659 81.807-85.575 82.755-150.423z"
				],
				"attrs": [
					{}
				],
				"isMulticolor": false,
				"defaultCode": 58886,
				"grid": 20,
				"tags": [
					"moongate"
				]
			},
			"attrs": [
				{}
			],
			"properties": {
				"order": 23,
				"id": 33,
				"prevSize": 24,
				"code": 58902,
				"name": "moongate"
			},
			"setIdx": 4,
			"setId": 0,
			"iconIdx": 12
		},
		{
			"icon": {
				"paths": [
					"M507.84 0v0c-280 2.080-513.44 232.32-507.68 523.040 5.6 277.44 233.76 503.84 517.44 500.96 279.040-2.72 506.72-230.4 506.24-512 0.64-283.040-230.72-514.080-516-512v0zM281.28 768.64h-56.48v-384h56.48v384zM434.88 768.64h-56.48v-384h56.48v384zM592.16 850.56h-56.48v-693.12h56.48v693.12zM747.84 763.2h-56.48v-255.84h56.48v255.84zM747.84 405.6h-56.48v-143.2h56.48v143.2z"
				],
				"attrs": [
					{}
				],
				"isMulticolor": false,
				"grid": 20,
				"tags": [
					"fifteen-circle"
				]
			},
			"attrs": [
				{}
			],
			"properties": {
				"order": 24,
				"id": 82,
				"prevSize": 24,
				"code": 58897,
				"name": "fifteen-circle"
			},
			"setIdx": 4,
			"setId": 0,
			"iconIdx": 13
		},
		{
			"icon": {
				"paths": [
					"M148 363.84h68.48v466.4h-68.48v-466.4z",
					"M334.56 363.84h68.48v466.4h-68.48v-466.4z",
					"M714.56 512.96h68.48v310.72h-68.48v-310.72z",
					"M714.56 215.36h68.48v173.92h-68.48v-173.92z",
					"M525.44 87.84h68.48v842.080h-68.48v-842.080z"
				],
				"attrs": [
					{},
					{},
					{},
					{},
					{}
				],
				"isMulticolor": false,
				"grid": 20,
				"tags": [
					"fifteen"
				]
			},
			"attrs": [
				{},
				{},
				{},
				{},
				{}
			],
			"properties": {
				"order": 25,
				"id": 83,
				"prevSize": 24,
				"code": 58898,
				"name": "fifteen"
			},
			"setIdx": 4,
			"setId": 0,
			"iconIdx": 14
		},
		{
			"icon": {
				"paths": [
					"M512 106.666c-235.733 0-426.667 190.933-426.667 426.667s190.933 426.667 426.667 426.667 426.667-190.933 426.667-426.667-190.933-426.667-426.667-426.667zM426.667 725.333v-384l256 192-256 192z"
				],
				"attrs": [
					{}
				],
				"isMulticolor": false,
				"defaultCode": 58883,
				"grid": 20,
				"tags": [
					"play-circle"
				]
			},
			"attrs": [
				{}
			],
			"properties": {
				"id": 62,
				"order": 26,
				"prevSize": 24,
				"code": 58903,
				"name": "play-circle"
			},
			"setIdx": 4,
			"setId": 0,
			"iconIdx": 15
		},
		{
			"icon": {
				"paths": [
					"M512 106.666c-235.733 0-426.667 190.933-426.667 426.667s190.933 426.667 426.667 426.667 426.667-190.933 426.667-426.667-190.933-426.667-426.667-426.667zM469.333 704h-85.333v-341.333h85.333v341.333zM640 704h-85.333v-341.333h85.333v341.333z"
				],
				"attrs": [
					{}
				],
				"isMulticolor": false,
				"defaultCode": 58882,
				"grid": 20,
				"tags": [
					"pause-circle"
				]
			},
			"attrs": [
				{}
			],
			"properties": {
				"id": 61,
				"order": 27,
				"prevSize": 24,
				"code": 58904,
				"name": "pause-circle"
			},
			"setIdx": 4,
			"setId": 0,
			"iconIdx": 16
		},
		{
			"icon": {
				"paths": [
					"M512 80c-238.59 0-432 193.41-432 432s193.41 432 432 432 432-193.41 432-432-193.41-432-432-432zM687.725 433.879c0.18 3.69 0.225 7.38 0.225 10.98 0 112.5-85.545 242.145-242.055 242.145-48.060 0-92.79-14.041-130.41-38.25 6.615 0.81 13.41 1.125 20.295 1.125 39.87 0 76.545-13.545 105.66-36.405-37.215-0.72-68.625-25.29-79.47-59.040 5.175 0.945 10.485 1.485 15.975 1.485 7.74 0 15.3-1.035 22.41-2.97-38.925-7.83-68.265-42.21-68.265-83.43v-1.035c11.475 6.345 24.615 10.215 38.565 10.665-22.86-15.3-37.845-41.31-37.845-70.875 0-15.57 4.185-30.24 11.52-42.795 41.985 51.479 104.625 85.319 175.365 88.965-1.485-6.255-2.205-12.735-2.205-19.44 0-46.935 38.070-85.095 85.095-85.095 24.435 0 46.575 10.35 62.1 26.91 19.395-3.87 37.575-10.89 54-20.655-6.345 19.845-19.801 36.54-37.395 47.115 17.235-2.115 33.615-6.66 48.87-13.455-11.385 17.055-25.83 32.085-42.435 44.055z"
				],
				"attrs": [
					{}
				],
				"isMulticolor": false,
				"defaultCode": 58884,
				"grid": 20,
				"tags": [
					"twitter-circle"
				]
			},
			"attrs": [
				{}
			],
			"properties": {
				"order": 28,
				"id": 35,
				"prevSize": 24,
				"code": 58905,
				"name": "twitter-circle"
			},
			"setIdx": 4,
			"setId": 0,
			"iconIdx": 17
		},
		{
			"icon": {
				"paths": [
					"M925.714 242.286q-38.286 56-92.571 95.429 0.571 8 0.571 24 0 74.286-21.714 148.286t-66 142-105.429 120.286-147.429 83.429-184.571 31.143q-154.857 0-283.429-82.857 20 2.286 44.571 2.286 128.571 0 229.143-78.857-60-1.143-107.429-36.857t-65.143-91.143q18.857 2.857 34.857 2.857 24.571 0 48.571-6.286-64-13.143-106-63.714t-42-117.429v-2.286q38.857 21.714 83.429 23.429-37.714-25.143-60-65.714t-22.286-88q0-50.286 25.143-93.143 69.143 85.143 168.286 136.286t212.286 56.857q-4.571-21.714-4.571-42.286 0-76.571 54-130.571t130.571-54q80 0 134.857 58.286 62.286-12 117.143-44.571-21.143 65.714-81.143 101.714 53.143-5.714 106.286-28.571z"
				],
				"attrs": [
					{}
				],
				"isMulticolor": false,
				"width": 951,
				"defaultCode": 58883,
				"grid": 20,
				"tags": [
					"twitter"
				]
			},
			"attrs": [
				{}
			],
			"properties": {
				"id": 55,
				"order": 29,
				"prevSize": 24,
				"code": 58906,
				"name": "twitter"
			},
			"setIdx": 4,
			"setId": 0,
			"iconIdx": 18
		},
		{
			"icon": {
				"paths": [
					"M512 68.403c-244.995 0-443.597 198.602-443.597 443.597s198.602 443.597 443.597 443.597 443.597-198.602 443.597-443.597-198.602-443.597-443.597-443.597zM486.447 702.423c-27.863 13.539-57.852 14.972-69.451 14.972-2.218 0-3.466 0-3.466 0s-1.063 0-2.496 0c-18.114 0-108.266-4.159-108.266-86.27 0-80.679 98.192-87.010 128.273-87.010h0.785c-17.374-23.196-13.77-46.579-13.77-46.579-1.525 0.092-3.743 0.185-6.469 0.185-11.321 0-33.178-1.802-51.938-13.908-23.012-14.787-34.656-39.97-34.656-74.811 0-98.469 107.526-102.442 108.589-102.535h107.388v2.356c0 12.014-21.578 14.371-36.273 16.358-4.99 0.739-15.018 1.709-17.836 3.143 27.217 14.556 31.607 37.382 31.607 71.392 0 38.723-15.156 59.193-31.236 73.563-9.981 8.919-17.79 15.895-17.79 25.276 0 9.196 10.72 18.575 23.196 29.527 20.378 17.975 48.333 42.419 48.333 83.683 0 42.65-18.344 73.147-54.525 90.659zM719.936 512h-69.312v69.312h-46.208v-69.312h-69.312v-46.208h69.312v-69.312h46.208v69.312h69.312v46.208zM429.889 565.139c-2.403 0-4.806 0.092-7.254 0.277-20.516 1.526-39.462 9.196-53.139 21.671-13.585 12.291-20.516 27.817-19.546 43.481 2.080 32.854 37.336 52.076 80.171 49.027 42.141-3.050 70.236-27.354 68.202-60.209-1.94-30.867-28.788-54.249-68.434-54.249zM470.274 386.545c-11.182-39.277-29.203-50.921-57.206-50.921-3.004 0-6.053 0.462-8.964 1.247-12.153 3.466-21.81 13.585-27.171 28.649-5.499 15.248-5.822 31.145-1.11 49.258 8.548 32.391 31.56 55.866 54.756 55.866 3.049 0 6.099-0.37 8.964-1.247 25.369-7.116 41.264-45.837 30.729-82.851z"
				],
				"attrs": [
					{}
				],
				"isMulticolor": false,
				"defaultCode": 58883,
				"grid": 20,
				"tags": [
					"gplus-circle"
				]
			},
			"attrs": [
				{}
			],
			"properties": {
				"order": 30,
				"id": 36,
				"prevSize": 24,
				"code": 58907,
				"name": "gplus-circle"
			},
			"setIdx": 4,
			"setId": 0,
			"iconIdx": 19
		},
		{
			"icon": {
				"paths": [
					"M500.571 846.286q0-12-2.571-23.143t-5.429-20.571-10-19.714-12-17.429-15.143-16.857-15.714-14.571-18.286-14.571-17.714-13.143-18.857-13.143-17.429-12q-9.714-1.143-28.571-1.143-30.857 0-60.571 4t-61.714 14.286-56 26.286-39.429 42.857-15.429 61.143q0 38.857 20.286 69.429t53.143 48 68.857 26 72.571 8.571q33.714 0 64.286-7.143t57.429-22.286 42.571-42 15.714-62.857zM432 353.714q0-34.286-9.429-72.857t-26.857-74.571-48-59.429-68.286-23.429q-53.143 0-82.286 39.429t-29.143 94.286q0 26.857 6.571 56.571t20.286 59.429 32 53.429 44.571 38.571 55.429 14.857q55.429 0 80.286-34.571t24.857-91.714zM357.143 82.286h249.714l-77.143 45.143h-77.143q40.571 25.714 62.857 72t22.286 96.571q0 42.286-13.143 75.143t-32 52.857-37.714 36.857-32 34.857-13.143 38.571q0 14.857 9.429 29.143t24.571 27.429 33.429 27.429 36.571 31.714 33.429 37.714 24.571 48.571 9.429 60.857q0 91.429-80 161.143-86.857 74.857-240 74.857-33.714 0-68.286-5.714t-69.714-19.143-62-33.143-44-50.857-17.143-69.429q0-34.857 21.143-77.143 18.286-36.571 54.857-63.143t82.857-40.571 88.571-20.571 85.714-7.714q-36.571-47.429-36.571-85.143 0-6.857 1.143-13.429t2.857-11.143 4.571-12.286 4-12.286q-22.857 2.857-40 2.857-85.143 0-146-56t-60.857-140.571q0-80 54.286-143.143t133.714-80.857q53.714-11.429 106.857-11.429zM950.857 228.572v73.143h-146.286v146.286h-73.143v-146.286h-146.286v-73.143h146.286v-146.286h73.143v146.286h146.286z"
				],
				"attrs": [
					{}
				],
				"isMulticolor": false,
				"width": 951,
				"defaultCode": 58881,
				"grid": 20,
				"tags": [
					"gplus"
				]
			},
			"attrs": [
				{}
			],
			"properties": {
				"id": 53,
				"order": 31,
				"prevSize": 24,
				"code": 58908,
				"name": "gplus"
			},
			"setIdx": 4,
			"setId": 0,
			"iconIdx": 20
		},
		{
			"icon": {
				"paths": [
					"M512 68.403c-244.995 0-443.597 198.602-443.597 443.597s198.602 443.597 443.597 443.597 443.597-198.602 443.597-443.597-198.602-443.597-443.597-443.597zM403.411 695.862h-89.828v-289.077h89.828v289.077zM357.942 371.296c-28.372 0-46.716-20.1-46.716-44.961 0-25.369 18.899-44.868 47.871-44.868s46.716 19.5 47.271 44.868c0 24.861-18.298 44.961-48.426 44.961zM731.488 695.862h-89.828v-160.203c0-37.289-13.030-62.612-45.514-62.612-24.813 0-39.554 17.143-46.069 33.64-2.403 5.868-3.004 14.185-3.004 22.457v166.672h-89.875v-196.846c0-36.089-1.155-66.262-2.356-92.231h78.045l4.113 40.155h1.802c11.829-18.853 40.803-46.67 89.273-46.67 59.1 0 103.414 39.6 103.414 124.716v170.924z"
				],
				"attrs": [
					{}
				],
				"isMulticolor": false,
				"defaultCode": 58882,
				"grid": 20,
				"tags": [
					"linkedin-circle"
				]
			},
			"attrs": [
				{}
			],
			"properties": {
				"order": 32,
				"id": 37,
				"prevSize": 24,
				"code": 58909,
				"name": "linkedin-circle"
			},
			"setIdx": 4,
			"setId": 0,
			"iconIdx": 21
		},
		{
			"icon": {
				"paths": [
					"M199.429 366.286v566.286h-188.571v-566.286h188.571zM211.429 191.429q0.571 41.714-28.857 69.714t-77.429 28h-1.143q-46.857 0-75.429-28t-28.571-69.714q0-42.286 29.429-70t76.857-27.714 76 27.714 29.143 70zM877.714 608v324.571h-188v-302.857q0-60-23.143-94t-72.286-34q-36 0-60.286 19.714t-36.286 48.857q-6.286 17.143-6.286 46.286v316h-188q1.143-228 1.143-369.714t-0.571-169.143l-0.571-27.429h188v82.286h-1.143q11.429-18.286 23.429-32t32.286-29.714 49.714-24.857 65.429-8.857q97.714 0 157.143 64.857t59.429 190z"
				],
				"attrs": [
					{}
				],
				"isMulticolor": false,
				"width": 878,
				"defaultCode": 58880,
				"grid": 20,
				"tags": [
					"linkedin"
				]
			},
			"attrs": [
				{}
			],
			"properties": {
				"id": 52,
				"order": 33,
				"prevSize": 24,
				"code": 58910,
				"name": "linkedin"
			},
			"setIdx": 4,
			"setId": 0,
			"iconIdx": 22
		},
		{
			"icon": {
				"paths": [
					"M512 20.48c-271.462 0-491.52 220.058-491.52 491.52s220.058 491.52 491.52 491.52 491.52-220.058 491.52-491.52-220.058-491.52-491.52-491.52zM643.942 724.019c-20.122 9.626-38.298 16.282-54.579 20.224-16.282 3.789-33.894 5.786-52.787 5.786-21.504 0-40.499-2.816-57.037-8.294s-30.618-13.312-42.291-23.501c-11.674-10.086-19.763-20.992-24.269-32.41-4.506-11.52-6.758-28.109-6.758-49.818v-167.014h-52.019v-67.277c18.381-6.093 34.304-14.797 47.462-26.214 13.158-11.315 23.757-24.883 31.693-40.806 7.987-15.872 13.466-36.198 16.486-60.672h66.918v120.32h111.616v74.65h-111.616v122.112c0 27.597 1.434 45.312 4.352 53.094 2.867 7.885 8.243 14.080 16.128 18.79 10.445 6.298 22.374 9.472 35.686 9.472 23.859 0 47.514-7.885 71.066-23.603v75.162z"
				],
				"attrs": [],
				"isMulticolor": false,
				"tags": [
					"tumblr-circle"
				],
				"grid": 20
			},
			"attrs": [],
			"properties": {
				"id": 81,
				"order": 34,
				"prevSize": 24,
				"code": 58896,
				"name": "tumblr-circle"
			},
			"setIdx": 4,
			"setId": 0,
			"iconIdx": 23
		},
		{
			"icon": {
				"paths": [
					"M222.857 82.286h125.143v221.714h208v137.714h-208v225.143q0 77.714 8 98.286 7.429 21.143 29.714 34.286 28.571 17.714 66.857 17.714 66.857 0 132.571-43.429v138.286q-58.286 27.429-101.714 37.143-44 10.857-98.857 10.857-60 0-106.286-15.429-44.571-14.286-78.857-42.857-33.143-29.143-45.143-60-12.571-30.857-12.571-92v-308h-97.143v-124q52-17.143 88.571-48 36.571-31.429 58.857-75.429t30.857-112z"
				],
				"attrs": [
					{}
				],
				"isMulticolor": false,
				"width": 585,
				"defaultCode": 58882,
				"grid": 20,
				"tags": [
					"tumblr"
				]
			},
			"attrs": [
				{}
			],
			"properties": {
				"id": 54,
				"order": 35,
				"prevSize": 24,
				"code": 58911,
				"name": "tumblr"
			},
			"setIdx": 4,
			"setId": 0,
			"iconIdx": 24
		},
		{
			"icon": {
				"paths": [
					"M512 68.403c-245.041 0-443.642 198.602-443.642 443.597 0 245.041 198.602 443.642 443.642 443.642 244.948 0 443.597-198.602 443.597-443.642 0-244.995-198.649-443.597-443.597-443.597zM553.402 228.56c43.251 0 55.958 25.091 55.958 53.786 0 35.811-28.649 68.942-77.584 68.942-40.94 0-60.441-20.563-59.238-54.617 0-28.695 23.982-68.111 80.864-68.111zM442.596 777.696c-29.574 0-51.152-17.975-30.497-96.759l33.871-139.779c5.868-22.365 6.839-31.329 0-31.329-8.826 0-47.224 15.434-69.866 30.682l-14.74-24.167c71.853-60.025 154.474-95.235 189.823-95.235 29.573 0 34.471 34.933 19.731 88.72l-38.815 146.941c-6.886 25.968-3.927 34.933 2.957 34.933 8.872 0 37.891-10.72 66.448-33.223l16.727 22.457c-69.913 69.866-146.109 96.759-175.636 96.759z"
				],
				"attrs": [
					{}
				],
				"isMulticolor": false,
				"defaultCode": 58881,
				"grid": 20,
				"tags": [
					"info-circle"
				]
			},
			"attrs": [
				{}
			],
			"properties": {
				"order": 36,
				"id": 38,
				"prevSize": 24,
				"code": 58912,
				"name": "info-circle"
			},
			"setIdx": 4,
			"setId": 0,
			"iconIdx": 25
		},
		{
			"icon": {
				"paths": [
					"M636.518 0c68.608 0 102.912 46.694 102.912 100.198 0 66.816-59.597 128.614-137.165 128.614-64.973 0-102.861-38.4-101.069-101.888 0-53.402 45.107-126.925 135.322-126.925zM425.421 1024c-54.17 0-93.85-33.382-55.962-180.429l62.157-260.71c10.803-41.677 12.595-58.419 0-58.419-16.23 0-86.477 28.774-128.102 57.19l-27.034-45.056c131.686-111.923 283.187-177.51 348.211-177.51 54.118 0 63.13 65.178 36.096 165.376l-71.219 274.022c-12.595 48.384-7.219 65.075 5.427 65.075 16.23 0 69.478-20.070 121.805-61.798l30.72 41.677c-128.102 130.406-268.032 180.582-322.099 180.582z"
				],
				"attrs": [],
				"isMulticolor": false,
				"tags": [
					"info"
				],
				"grid": 20
			},
			"attrs": [],
			"properties": {
				"id": 80,
				"order": 37,
				"prevSize": 24,
				"code": 58899,
				"name": "info"
			},
			"setIdx": 4,
			"setId": 0,
			"iconIdx": 26
		},
		{
			"icon": {
				"paths": [
					"M512 944c238.629 0 432-193.371 432-432s-193.371-432-432-432c-238.629 0-432 193.371-432 432s193.371 432 432 432zM518.857 260.114h2.286c35.2 1.143 60.114 26.971 58.971 61.714-0.914 34.057-26.514 58.971-60.343 58.971h-2.057c-36.114-1.143-60.8-26.743-59.657-62.4 0.914-34.514 25.829-58.286 60.8-58.286v0zM370.743 553.829c8.229-11.657 26.514-26.286 49.371-44.343l25.371-17.371c13.943-10.743 22.171-21.029 25.371-30.857 2.514-7.771 3.657-10.057 3.886-25.829v-4.114h96.457l-0.229 8.229c-1.143 33.371-2.057 53.257-16 69.714-21.714 25.6-69.943 56.686-72 57.829-6.857 5.257-12.8 10.971-17.143 17.371-10.057 13.943-14.629 24.914-14.629 35.657 0 15.086 4.343 29.029 13.257 41.143 8.457 11.886 24.457 17.829 47.771 17.829 23.086 0 38.857-7.314 48.229-22.4 9.829-15.314 14.629-31.543 14.629-48v-4.114h99.429l-0.229 4.343c-2.514 60.8-24.457 104.686-64.686 130.286-25.371 16.229-56.914 24.457-93.714 24.457-48 0-88.686-11.657-120.686-34.743-32.457-23.314-48.914-58.286-48.914-104 0.457-25.143 8.457-49.143 24.457-71.086v0z"
				],
				"attrs": [
					{}
				],
				"isMulticolor": false,
				"defaultCode": 58880,
				"grid": 20,
				"tags": [
					"unknown-circle"
				]
			},
			"attrs": [
				{}
			],
			"properties": {
				"order": 38,
				"id": 39,
				"prevSize": 24,
				"code": 58913,
				"name": "unknown-circle"
			},
			"setIdx": 4,
			"setId": 0,
			"iconIdx": 27
		},
		{
			"icon": {
				"paths": [
					"M595.911 304.356v52.148c0 21.807-1.422 41.719-4.741 59.259s-8.059 34.133-15.17 49.304c-7.111 15.644-16.119 30.815-27.496 45.511s-26.074 30.341-43.141 46.933l-62.104 59.259c-17.541 15.644-32.237 33.185-44.563 52.148-12.326 19.437-18.489 42.667-18.489 70.163 0 35.556 11.378 65.896 33.659 90.074s54.519 36.504 95.763 36.504c21.333 0 40.296-3.793 56.889-11.852 17.067-7.585 31.763-18.489 44.089-31.763s21.807-28.444 27.97-45.985c6.637-17.541 9.956-35.081 10.904-53.57l169.244 15.17c-5.689 44.089-17.067 83.437-35.081 117.57-18.015 34.607-41.244 63.526-69.689 87.23s-61.156 42.193-97.659 54.519c-36.504 12.326-76.326 18.489-118.519 18.489-39.348 0-76.8-5.689-111.881-17.067s-66.37-28.444-93.393-50.726c-27.022-22.281-48.356-50.252-64-83.437s-23.23-71.111-23.23-114.252c0-29.393 3.319-54.993 9.481-76.8 6.637-21.807 15.644-42.193 27.496-60.681s26.548-36.030 43.141-53.096c17.067-17.067 36.030-34.607 56.889-53.096 18.489-15.644 33.185-29.393 44.563-41.244s20.859-23.704 27.496-35.556c7.111-11.852 11.852-24.652 14.222-38.4 2.844-13.748 4.267-30.815 4.267-50.726v-35.556h163.081zM623.407 113.304c0 29.393-10.904 54.519-32.237 75.852-21.333 20.859-47.407 31.763-77.748 31.763-29.393 0-54.993-9.956-76.8-30.341s-33.185-45.037-33.185-74.43c0-29.393 10.904-54.519 32.237-75.852s47.407-31.763 77.748-31.763c14.696 0 28.444 2.844 41.719 8.059 13.274 5.689 25.126 12.8 35.081 21.807s18.015 20.385 24.178 33.185c6.163 13.274 9.007 27.022 9.007 41.719z"
				],
				"attrs": [
					{}
				],
				"isMulticolor": false,
				"grid": 20,
				"tags": [
					"unknown"
				]
			},
			"attrs": [
				{}
			],
			"properties": {
				"order": 39,
				"id": 2,
				"prevSize": 24,
				"code": 58914,
				"name": "unknown"
			},
			"setIdx": 4,
			"setId": 0,
			"iconIdx": 28
		},
		{
			"icon": {
				"paths": [
					"M480 174.4c-70.4 91.2-86.4 468.8-96 507.2 64-59.2 113.6-44.8 137.6-38.4-4.8-187.2-75.2-227.2-41.6-468.8z",
					"M691.2 660.8c-24-43.2-46.4-86.4-72-128-24-41.6-49.6-84.8-76.8-124.8-28.8-40-49.6-88-54.4-137.6l-1.6-17.6c0-9.6 3.2-16 8-20.8 8-11.2 16-19.2 25.6-28.8 4.8-4.8 9.6-8 14.4-11.2 3.2-1.6 4.8-3.2 8-4.8l3.2-3.2c1.6 0 1.6-1.6 3.2-1.6 6.4-6.4 9.6-19.2 11.2-28.8v1.6l-12.8-120 14.4 6.4c-6.4 4.8-12.8 12.8-16 20.8 0 1.6-1.6 3.2-1.6 4.8s0 1.6 0 3.2v1.6c0 0 0 1.6 0 1.6-1.6 6.4-3.2 11.2-4.8 16-8 20.8-16 38.4-27.2 57.6v1.6l-1.6 1.6c-9.6 8-17.6 19.2-25.6 28.8-8 11.2-14.4 22.4-20.8 33.6-11.2 24-20.8 49.6-25.6 75.2-11.2 52.8-16 108.8-24 163.2-6.4 54.4-12.8 110.4-19.2 164.8s-12.8 110.4-19.2 164.8h-1.6c1.6-56 4.8-110.4 8-166.4s8-110.4 12.8-166.4c3.2-27.2 4.8-56 9.6-83.2 3.2-27.2 6.4-56 12.8-83.2s16-56 28.8-80c6.4-12.8 14.4-25.6 22.4-36.8s17.6-22.4 30.4-32l-3.2 3.2c9.6-17.6 19.2-35.2 27.2-52.8 1.6-4.8 3.2-9.6 3.2-12.8 0 0 0-1.6 0-1.6v-1.6c0-1.6 0-3.2 0-4.8 0-3.2 1.6-6.4 3.2-9.6 4.8-11.2 12.8-19.2 20.8-27.2l12.8-9.6 1.6 17.6 11.2 120c0 8-1.6 12.8-4.8 20.8-3.2 6.4-6.4 12.8-11.2 17.6-1.6 1.6-3.2 3.2-4.8 3.2 0 0-1.6 1.6-3.2 1.6l-1.6 1.6c-3.2 1.6-4.8 3.2-8 4.8-4.8 3.2-9.6 6.4-14.4 11.2-9.6 8-17.6 16-24 25.6-3.2 4.8-6.4 9.6-4.8 12.8l1.6 17.6c3.2 48 20.8 94.4 49.6 132.8 27.2 41.6 51.2 84.8 73.6 126.4 24 43.2 46.4 86.4 68.8 129.6l-1.6 1.6z",
					"M505.6 334.4c8-11.2 14.4-20.8 22.4-30.4s16-19.2 25.6-28.8c9.6-8 20.8-16 30.4-24l30.4-22.4 1.6 16c-12.8-4.8-25.6-9.6-40-14.4-6.4-3.2-12.8-4.8-19.2-8-3.2-1.6-6.4-3.2-9.6-4.8-1.6-1.6-3.2-1.6-4.8-3.2s-3.2-1.6-6.4-6.4l14.4 4.8c-4.8 1.6-11.2 6.4-16 9.6-6.4 3.2-11.2 8-16 11.2-11.2 8-20.8 16-32 25.6l-1.6-1.6c4.8-12.8 12.8-25.6 22.4-36.8 4.8-4.8 9.6-11.2 16-16s11.2-9.6 17.6-12.8l8-4.8 6.4 9.6c-1.6-1.6 0 0 0 0 1.6 0 1.6 1.6 3.2 1.6 3.2 1.6 4.8 3.2 8 4.8l17.6 9.6c12.8 6.4 24 12.8 36.8 17.6l16 6.4-14.4 8c-20.8 12.8-43.2 27.2-64 41.6-9.6 8-19.2 16-28.8 24-9.6 9.6-17.6 17.6-27.2 27.2l3.2-3.2z",
					"M734.4 766.4c17.6-3.2 35.2-4.8 51.2-6.4 17.6-1.6 35.2-1.6 51.2-3.2l-8 16c-6.4-8-14.4-16-20.8-24s-12.8-16-19.2-25.6l1.6 1.6c-14.4-11.2-28.8-20.8-41.6-32l-1.6-1.6v-1.6c-8-12.8-16-25.6-24-40l4.8 1.6c-11.2 0-24-1.6-35.2-3.2 11.2-3.2 24-4.8 35.2-8h1.6l1.6 3.2c9.6 11.2 20.8 24 30.4 35.2l-1.6-1.6c14.4 9.6 30.4 19.2 44.8 30.4l3.2 3.2c6.4 8 12.8 16 19.2 25.6 6.4 8 12.8 17.6 19.2 25.6l12.8 17.6-20.8-1.6c-17.6-1.6-33.6-1.6-51.2-4.8-19.2-1.6-35.2-3.2-52.8-6.4z",
					"M803.2 729.6l-68.8 17.6 59.2-38.4z",
					"M755.2 696l-40 4.8 32-25.6z",
					"M376 659.2c-22.4 3.2-44.8 6.4-68.8 8l1.6-1.6c-20.8 27.2-40 54.4-60.8 80v0h-1.6l-52.8 30.4-1.6-9.6 86.4 4.8 86.4 6.4h11.2l-3.2 11.2c-3.2 12.8-4.8 24-6.4 36.8-1.6 6.4-1.6 12.8-1.6 17.6 0 1.6 0 3.2 0 3.2 0 1.6 0 1.6 0 1.6-1.6-3.2 0 0 3.2 1.6 9.6 6.4 20.8 11.2 32 16s24 9.6 35.2 14.4l9.6 3.2-3.2 9.6c-1.6 8-4.8 16-6.4 24l-1.6 6.4v1.6c0 0 0 0 0 0s0-1.6-1.6-1.6c0 0-1.6-1.6 0-1.6v0 0c0 0 0 0 0 0s0 0 0 0l8 8c12.8 11.2 25.6 22.4 40 32 3.2 3.2 6.4 4.8 9.6 6.4 1.6 1.6 3.2 1.6 4.8 1.6-1.6 0 1.6 0 0 0s0 0 0 0c0 0 1.6 0 1.6 0 8 0 16-1.6 24-3.2 17.6-3.2 33.6-6.4 51.2-9.6s36.8-4.8 54.4-3.2c9.6 0 17.6 1.6 27.2 3.2h6.4c1.6 0 3.2 0 3.2 0 1.6 0 1.6 0 1.6-1.6 1.6-1.6 3.2-1.6 3.2-3.2 9.6-11.2 19.2-25.6 27.2-41.6l6.4-11.2c3.2-3.2 4.8-8 8-12.8 8-8 16-11.2 25.6-14.4l-4.8 11.2-22.4-38.4-3.2-4.8 3.2-3.2 12.8-17.6 6.4-8 3.2-4.8c0 0 1.6-1.6 0 0 0 0 0-1.6 0 0 0 0 0 0 0-1.6 1.6-4.8 1.6-12.8 1.6-19.2s-1.6-14.4-1.6-20.8v1.6l-48-110.4c-4.8-12.8-11.2-24-16-36.8 6.4 11.2 12.8 24 19.2 35.2s12.8 24 17.6 36.8l35.2 72c1.6 8 3.2 14.4 3.2 22.4s1.6 14.4 0 24c0 1.6 0 1.6-1.6 4.8 0 1.6 0 1.6-1.6 1.6l-1.6 1.6-3.2 4.8-6.4 8-4.8 17.6v-8l24 36.8 4.8 8-9.6 3.2c-6.4 3.2-14.4 6.4-17.6 11.2-1.6 1.6-3.2 6.4-6.4 9.6l-6.4 11.2c-8 16-16 30.4-28.8 46.4-1.6 1.6-3.2 3.2-6.4 4.8-1.6 1.6-4.8 8-4.8 8s-11.2-3.2-14.4-3.2h-6.4c-9.6-1.6-17.6-1.6-25.6-1.6-16-1.6-32 1.6-49.6 3.2-17.6 3.2-33.6 6.4-51.2 9.6-8 1.6-17.6 3.2-27.2 4.8-1.6 0-3.2 0-4.8 0s-4.8 3.2-4.8 3.2 0-3.2-3.2-4.8c-3.2-1.6-4.8-3.2-8-3.2-4.8-3.2-8-4.8-11.2-8-14.4-11.2-28.8-20.8-41.6-33.6l-8-8h1.6l-1.6-1.6c0 0-1.6-1.6-1.6-1.6 0-1.6-1.6-1.6-1.6-3.2v-1.6c0-1.6 0-1.6 0-1.6 0-1.6 0-1.6 0-3.2s0-3.2 0-4.8 1.6-4.8 1.6-6.4c1.6-9.6 4.8-17.6 6.4-25.6l6.4 12.8c-12.8-4.8-24-9.6-35.2-14.4s-24-11.2-35.2-17.6c-1.6-1.6-3.2-1.6-4.8-3.2s-1.6-1.6-3.2-3.2c0-1.6-1.6-1.6-1.6-3.2v0 0 0-1.6c-1.6-4.8-1.6-6.4-1.6-8s0-3.2 0-6.4c0-6.4 1.6-14.4 3.2-20.8 1.6-12.8 4.8-25.6 8-38.4l9.6 12.8-171.2-16-24-3.2 20.8-11.2 54.4-28.8-4.8 1.6c11.2-12.8 22.4-24 33.6-38.4l33.6-38.4v-1.6h1.6c22.4-0 44.8-0 67.2-1.6z",
					"M312 664l65.6 68.8-80-51.2z",
					"M254.4 723.2l116.8 33.6-120-11.2z",
					"M670.4 979.2c-9.6-8-14.4-14.4-22.4-24-3.2-4.8-6.4-11.2-9.6-14.4 0 0-1.6 0 0 0 0 0 0 0 0 0-1.6 0-1.6 1.6-4.8 1.6-11.2 3.2-20.8 8-32 11.2-11.2 1.6-19.2 3.2-30.4 4.8-12.8 0-24 0-35.2-1.6s-27.2-3.2-27.2-3.2-3.2 11.2-8 20.8c-6.4 9.6-6.4 8-12.8 19.2 1.6-11.2 0-12.8 3.2-24 4.8-11.2-3.2-24 11.2-32 6.4-3.2 11.2-3.2 17.6-3.2s12.8 0 17.6 0 22.4 0 33.6 0c11.2 0 17.6-1.6 28.8-3.2s19.2-4.8 32-6.4c3.2 0 3.2-1.6 6.4-1.6 1.6 0 4.8 0 8 1.6s4.8 4.8 4.8 6.4c3.2 6.4 4.8 11.2 6.4 16 4.8 12.8 8 22.4 12.8 32z",
					"M420.8 884.8c9.6-16 19.2-32 27.2-48 4.8-8 8-16 9.6-25.6 1.6-4.8 1.6-8 1.6-11.2 0-1.6 0-3.2 0-3.2s0 0 0-1.6l-3.2-1.6c-8-4.8-16-9.6-24-9.6-4.8 0-8 0-11.2 1.6s-3.2 6.4-3.2 9.6c1.6 9.6 3.2 17.6 8 25.6s12.8 14.4 19.2 19.2c-8-4.8-16-11.2-22.4-17.6-6.4-8-9.6-17.6-11.2-27.2-1.6-4.8-1.6-11.2 3.2-16s11.2-4.8 16-4.8c11.2 1.6 19.2 4.8 28.8 9.6l3.2 1.6c1.6 0 3.2 1.6 4.8 3.2 1.6 3.2 3.2 6.4 3.2 9.6 0 6.4 0 11.2-1.6 16-1.6 9.6-4.8 19.2-8 28.8-6.4 17.6-14.4 35.2-24 52.8l-16-11.2z",
					"M710.4 849.6c-12.8-12.8-24-25.6-35.2-38.4-4.8-6.4-11.2-14.4-16-22.4-1.6-1.6-1.6-4.8-1.6-9.6 0-1.6 1.6-4.8 1.6-6.4 1.6-4.8 3.2-8 6.4-12.8 3.2-3.2 4.8-8 8-11.2s8-8 16-4.8c1.6 0 3.2 1.6 4.8 1.6 0 0 1.6 1.6 1.6 1.6l1.6 1.6c1.6 1.6 3.2 4.8 3.2 6.4 1.6 4.8 3.2 8 4.8 12.8 1.6 8 1.6 17.6-1.6 25.6s-9.6 16-17.6 17.6c8-3.2 14.4-9.6 16-17.6s0-16-1.6-24c-1.6-3.2-3.2-8-4.8-11.2-1.6-1.6-1.6-3.2-3.2-4.8l-1.6-1.6c0 0-1.6 0-1.6 0-1.6 0-4.8 1.6-6.4 4.8s-4.8 6.4-6.4 9.6c-1.6 3.2-3.2 8-3.2 11.2 0 1.6 0 3.2-1.6 4.8 0 0 0 0 1.6 1.6 3.2 6.4 9.6 12.8 14.4 17.6 11.2 11.2 24 22.4 36.8 33.6l-14.4 14.4z",
					"M547.2 617.6c-1.6-20.8-4.8-40-9.6-59.2s-9.6-38.4-14.4-57.6c-11.2-38.4-24-75.2-35.2-115.2-9.6-40-17.6-80-17.6-121.6 0-20.8 1.6-41.6 4.8-60.8 4.8-20.8 9.6-40 22.4-57.6-8 19.2-11.2 38.4-11.2 57.6-1.6 19.2 0 40 1.6 59.2 4.8 40 12.8 78.4 22.4 116.8 4.8 19.2 11.2 38.4 16 57.6s9.6 40 14.4 59.2c3.2 19.2 6.4 40 8 60.8 3.2 20.8 3.2 41.6-1.6 60.8z",
					"M376 736c0-16 3.2-32 6.4-48 4.8-16 9.6-32 20.8-46.4 3.2-3.2 6.4-8 11.2-11.2h4.8c1.6 0 1.6-1.6 3.2-1.6 3.2-1.6 4.8-3.2 8-3.2 9.6-4.8 19.2-6.4 28.8-6.4 19.2-1.6 36.8 3.2 51.2 6.4 8 1.6 14.4 3.2 20.8 4.8 3.2 0 4.8 0 8 0 1.6 0 1.6 0 3.2 0s3.2-1.6 4.8-1.6c16-3.2 32-8 48-8 16-1.6 33.6-1.6 51.2 1.6 8 1.6 17.6 4.8 24 9.6 8 4.8 12.8 12.8 16 20.8l-1.6 1.6c-8-12.8-24-19.2-40-19.2-16-1.6-30.4 0-46.4 3.2s-30.4 6.4-44.8 11.2c-3.2 1.6-8 1.6-11.2 3.2-4.8 0-8 0-12.8 0-8 0-16-1.6-24-3.2-16-3.2-30.4-6.4-46.4-6.4-14.4 0-30.4 4.8-40 16s-16 25.6-22.4 40c-6.4 14.4-11.2 28.8-16 43.2l-4.8-6.4z"
				],
				"attrs": [
					{},
					{},
					{},
					{},
					{},
					{},
					{},
					{},
					{},
					{},
					{},
					{},
					{},
					{}
				],
				"isMulticolor": false,
				"grid": 20,
				"tags": [
					"koi"
				]
			},
			"attrs": [
				{},
				{},
				{},
				{},
				{},
				{},
				{},
				{},
				{},
				{},
				{},
				{},
				{},
				{}
			],
			"properties": {
				"order": 40,
				"id": 11,
				"prevSize": 24,
				"code": 58923,
				"name": "koi"
			},
			"setIdx": 4,
			"setId": 0,
			"iconIdx": 29
		},
		{
			"icon": {
				"paths": [
					"M395.615 334.696c0 0 11.496 2.252 2.844-19.556-4.385-10.904-11.97-4.978-11.97-4.978s-11.141-3.437-6.519 9.719c5.926 17.422 15.644 14.815 15.644 14.815z",
					"M409.837 335.289c0 0 8.296 9.007 15.763-12.681 3.793-10.904-6.874-11.378-6.874-11.378s-7.111-9.6-12.207 3.081c-6.637 16.711 3.319 20.978 3.319 20.978z",
					"M377.007 220.563c-0.474-8.178-5.215-15.289-11.852-19.2l-28.444 3.319c-4.978 4.741-7.822 11.496-7.467 18.726 0.711 10.667 8.296 19.437 18.37 21.807l18.252-17.185 10.43-0.711c0.593-2.133 0.83-4.385 0.711-6.756z",
					"M506.193 219.852l-33.185-2.133c-9.126 4.859-15.763 14.104-16.711 25.244-0.119 1.304-0.119 2.607-0.119 3.793l18.489 10.074 8.296 20.504c0.711 0.119 1.304 0.237 2.015 0.237 1.067 0.119 2.015 0.119 2.963 0.119 16.474 0 30.104-12.444 31.644-28.919 0.83-8.415-1.778-16.711-7.23-23.348-1.778-2.015-3.911-3.911-6.163-5.57z",
					"M514.413 200.949l0.394 7.456-47.459 2.506-0.394-7.456 47.459-2.506z",
					"M332.096 184.766l41.179 4.999-0.9 7.412-41.179-4.999 0.9-7.412z",
					"M479.052 388.741c-6.756-5.215-18.37-8.652-29.748-10.785l2.37 33.067-20.148 3.319-11.496-40.059c-2.37-0.119-3.793-0.237-3.793-0.237s-0.948 0.356-2.489 1.067l8.178 36.148-16.83 7.822-13.867-30.341c-8.296 6.519-16 15.052-17.778 25.126-1.778 9.363 22.993 50.133 77.393 35.556 48.119-13.037 33.067-56.889 28.207-60.681z",
					"M839.585 543.881c-0.948-26.311 9.363-101.333 44.919-103.23 35.674-1.896 48.711 15.052 48.711 5.57s-28.089-16.83-58.074-16.83c-29.985 0-48.83 80.237-50.607 116.267-3.674 75.141 97.541 255.17 99.437 279.467 1.896 24.415-7.467 61.867-46.815 54.4-48.356-9.244-95.644-35.674-127.407-26.193-13.156-16.83 37.452-45.037 39.348-138.667 2.607-129.422-58.074-176.237-121.837-208.119-25.481-40.77-24.889-83.081-67.793-126.933 4.267-5.333 8.415-9.719 12.444-13.037 5.096 1.422 12.8 2.844 22.044 3.911 0 0.593 0.119 1.304 0.237 1.896 2.252 17.778 12.563 36.504 27.378 36.504 0 0 0 0 0 0 0.711 0 1.541 0 2.252-0.119 3.911-0.474 16.356-4.030 14.815-26.667-0.237-3.319-0.83-7.23-1.778-11.259 46.696-4.741 97.422-28.444 88.77-106.667-13.748-123.733-101.215-127.526-139.97-93.748-11.259-21.215-48.711-57.481-114.963-78.696-79.881-25.6-117.452 1.304-138.785 3.793-2.489-18.726-71.941-85.096-139.97-28.8-80 66.252-28.8 168.77 9.956 160-12.8 32.474 12.089 200.178 101.452 249.363-7.822 14.933-21.689 25.244-26.785 34.37-9.363 16.83-31.881 28.089-58.074 29.985s-60.089-13.748-63.763-13.156c-7.467 1.304-43.141-3.793-43.141 7.467 0 1.304 0.474 2.726 1.422 4.030 12.326-2.844 35.319-4.978 42.667-2.844 10.311 3.081 26.311 13.748 33.778 16.237s37.452 2.489 37.452 2.489l6.281 8.77c0 0-27.852-0.593-33.778 2.489s-27.496 21.215-27.496 21.215-9.719 10.311-20.030 16.237c-10.311 5.926-27.496 11.259-27.496 11.259l15.052-18.726-13.156-10.667c-16.593 15.881-38.4 35.674-33.422 39.467 7.467 5.57 58.074-3.793 76.919-22.519 18.726-18.726 52.504-37.452 75.022-22.519s73.126 5.57 75.022 24.415c1.896 18.726 18.726 56.296 28.089 75.022s-9.363 65.659 3.793 88.059c13.156 22.519 54.4 73.126 52.504 82.489s-24.415 3.793-41.244 11.259-37.452 5.57-52.504 15.052c-15.052 9.363-45.037 24.415-45.037 33.778s33.778 9.363 48.711-3.793c1.659-1.422 3.319-2.37 5.096-2.963l-4.504-14.459c0 0-14.696 12.207-21.215 16.237s-15.052 0-15.052 0 31.881-19.674 37.452-23.704c5.57-4.030 50.015-11.259 50.015-11.259l8.77 11.259-31.881 23.585c10.193 1.896 21.452 2.844 33.067-6.163 24.415-18.726 95.644 5.57 114.37-1.896s76.919 20.622 63.763 26.193c-13.156 5.57-15.052 63.763-5.57 67.437 9.363 3.793 17.541-25.6 17.541-25.6s-5.689 23.467 4.978 27.496c9.126 3.437 18.133-11.022 28.919-29.63l-11.378-10.311c0 0-8.178 27.852-12.444 27.496-4.385-0.356-9.956-25.007-9.956-25.007s-11.852 26.193-15.052 22.519 2.133-29.037 4.978-38.756c2.844-9.719 22.519-18.726 22.519-18.726s17.778-7.23 20.030-4.978c2.133 2.133 7.467 12.444 7.467 12.444l17.541-2.489c22.519-29.985 52.504-18.726 67.437-43.141 180.030 48.711 215.585-3.793 215.585-48.711-0.119-45.037-105.126-234.43-107.022-288.948zM663.585 388.859c-0.356 3.319-1.304 4.978-1.778 5.096-0.119 0-0.237 0-0.237 0-3.793 0-10.904-10.074-12.563-23.467-0.83-6.756 0-14.578 3.674-16.119 4.385 2.489 12.444 20.859 10.904 34.489zM642.489 336.948c0.356 0 0.593 0.119 0.948 0.119-5.096-10.548 2.133-33.541 8.889-48.474 7.348-16.119 6.519-33.067-5.57-44.681-11.496-11.141-11.852-46.815 0.237-52.622 11.259-5.452 91.259 0 92.563 73.837 1.422 78.341-48.119 82.726-75.733 79.289-3.2-3.081-6.874-4.978-11.141-4.978-1.067 0-2.252 0.119-3.319 0.474-8.059 2.015-13.393 8.77-15.052 18.37-2.489-2.252-4.030-5.333-4.030-9.007 0-6.874 5.452-12.326 12.207-12.326zM239.17 203.496c-13.985 1.067-46.341-70.756-1.185-109.274 49.541-42.311 96.83 0.83 96.83 0.83 1.422 12.089-20.030 32.593-39.348 36.859s-9.956 16.119-20.148 30.933c-10.074 14.933-22.163 39.704-36.148 40.652zM509.63 589.748l-17.541 7.467c0 0-12.444 13.393-15.052 17.541-2.489 4.030-10.667 11.852-15.052 17.422s-8.77 11.259-12.444 21.215c-3.793 9.956-12.444 23.704-12.444 23.704l-1.304-17.541-20.030 17.541 3.793-23.704-32.474 11.259c0 0 18.37-15.644 27.496-25.007 9.007-9.363 12.444-16.237 12.444-16.237s11.259-12.8 8.77-17.541c-2.489-4.622-26.193-22.519-26.193-22.519s21.215-0.948 33.778 2.489c12.444 3.437 23.704 7.467 23.704 7.467s16.237-12.8 25.007-15.052c8.77-2.133 17.541-1.304 17.541-1.304v12.8zM500.859 326.044c0 0 9.481 76.563 0 96.237-13.748 28.8-37.452 68.741-127.526 43.733-100.267-27.852-78.696-152.533-34.963-189.985-58.785 38.756-97.659-38.874-57.481-88.77 36.267-45.037 58.785-66.252 102.519-54.993 47.526 13.748 22.519 64.948 29.985 81.185 11.259-4.978 18.726-70.044 128.711-62.459 128.83 11.259 81.304 299.97-41.244 175.052z"
				],
				"attrs": [
					{},
					{},
					{},
					{},
					{},
					{},
					{},
					{}
				],
				"isMulticolor": false,
				"width": 1011,
				"grid": 20,
				"tags": [
					"monkeyrat"
				]
			},
			"attrs": [
				{},
				{},
				{},
				{},
				{},
				{},
				{},
				{}
			],
			"properties": {
				"order": 41,
				"id": 10,
				"prevSize": 24,
				"code": 58926,
				"name": "monkeyrat"
			},
			"setIdx": 4,
			"setId": 0,
			"iconIdx": 30
		},
		{
			"icon": {
				"paths": [
					"M510.4 1024c-99.2 0-198.4 0-297.6 0 0-134.4 0-268.8 0-403.2 1.6-1.6 4.8-3.2 4.8-4.8 6.4-8 12.8-14.4 19.2-22.4 17.6-22.4 32-48 44.8-73.6 30.4-57.6 56-118.4 78.4-180.8 1.6-4.8 3.2-9.6 4.8-14.4 1.6 3.2 3.2 6.4 3.2 9.6 4.8 11.2 11.2 19.2 19.2 27.2 9.6 8 20.8 11.2 33.6 9.6 9.6-1.6 19.2-4.8 27.2-11.2 12.8-9.6 22.4-20.8 32-32 12.8-16 22.4-33.6 32-51.2 0 0 0-1.6 1.6-1.6 0 1.6 0 3.2 0 3.2 0 11.2-1.6 22.4-1.6 35.2 0 9.6-1.6 19.2-1.6 30.4 0 14.4-1.6 27.2-1.6 41.6 0 12.8-1.6 25.6-1.6 36.8 0 14.4-1.6 28.8-1.6 43.2 0 12.8-1.6 25.6-1.6 38.4 0 22.4-1.6 44.8-1.6 65.6 0 19.2-1.6 36.8-1.6 56 0 43.2 0 86.4 0 129.6 0 27.2 0 56 1.6 83.2 0 22.4 1.6 44.8 1.6 65.6 0 16 1.6 32 1.6 48 1.6 19.2 1.6 40 3.2 59.2 1.6 4.8 1.6 9.6 1.6 12.8z",
					"M214.4 544c0-180.8 0-361.6 0-544 196.8 0 392 0 588.8 0 0 172.8 0 345.6 0 518.4 0 0 0 0 0 0-56-27.2-113.6-49.6-172.8-68.8 0 0-1.6 0-1.6 0 6.4-3.2 14.4-8 20.8-11.2 27.2-16 51.2-36.8 70.4-60.8 27.2-33.6 44.8-72 49.6-116.8 1.6-14.4 0-27.2-3.2-41.6-6.4-22.4-19.2-41.6-36.8-57.6-16-12.8-32-24-51.2-32-30.4-14.4-62.4-22.4-96-28.8-14.4-3.2-28.8-4.8-41.6-8-3.2 0-8-1.6-11.2-1.6-1.6 4.8-1.6 9.6-3.2 14.4-8 32-19.2 64-32 94.4-11.2 28.8-25.6 57.6-41.6 84.8-8 11.2-16 22.4-25.6 32-3.2 3.2-6.4 4.8-11.2 8-1.6-3.2-3.2-6.4-4.8-9.6-4.8-11.2-6.4-24-8-36.8-1.6-17.6-3.2-35.2-3.2-52.8 0-12.8 0-27.2 0-40 0-9.6 1.6-20.8 1.6-30.4 0-4.8 0-9.6 0-14.4-16-1.6-32-1.6-48-3.2 0 1.6 0 1.6 0 3.2-1.6 12.8-1.6 25.6-3.2 38.4-1.6 19.2-6.4 38.4-11.2 57.6-9.6 41.6-22.4 83.2-36.8 123.2-19.2 52.8-43.2 104-70.4 153.6-4.8 8-11.2 19.2-17.6 30.4z",
					"M803.2 572.8c0 150.4 0 300.8 0 451.2-81.6 0-163.2 0-244.8 0 0 0 0-1.6 0-1.6 0-3.2 0-8 0-11.2-1.6-17.6-1.6-35.2-3.2-52.8-1.6-16-1.6-33.6-1.6-49.6 0-19.2-1.6-38.4-1.6-57.6 0-25.6-1.6-52.8-1.6-78.4 0-43.2 0-88 0-131.2 0-32 1.6-64 1.6-96 0-19.2 1.6-38.4 1.6-57.6 0-3.2 0-4.8 0-8 1.6 0 1.6 0 1.6 0 19.2 3.2 36.8 9.6 54.4 14.4 41.6 12.8 83.2 28.8 123.2 46.4 22.4 9.6 46.4 19.2 67.2 32 1.6-1.6 1.6 0 3.2 0z",
					"M555.2 422.4c4.8-92.8 9.6-184 17.6-276.8 6.4 1.6 11.2 3.2 17.6 3.2 20.8 4.8 41.6 11.2 60.8 19.2 16 6.4 32 14.4 46.4 27.2 9.6 8 17.6 17.6 22.4 30.4 3.2 9.6 3.2 20.8 1.6 30.4-1.6 16-6.4 30.4-12.8 46.4-9.6 20.8-22.4 38.4-38.4 54.4-25.6 27.2-57.6 46.4-92.8 57.6-6.4 1.6-14.4 3.2-20.8 6.4-0 1.6-1.6 1.6-1.6 1.6z"
				],
				"attrs": [
					{},
					{},
					{},
					{}
				],
				"isMulticolor": false,
				"grid": 20,
				"tags": [
					"eleven"
				]
			},
			"attrs": [
				{},
				{},
				{},
				{}
			],
			"properties": {
				"order": 42,
				"id": 9,
				"prevSize": 24,
				"code": 58927,
				"name": "eleven"
			},
			"setIdx": 4,
			"setId": 0,
			"iconIdx": 31
		},
		{
			"icon": {
				"paths": [
					"M1003.141 643.081c-45.867-31.526-129.422-68.267-248.77-109.63 72.652-47.289 162.252-136.415 160.474-287.052-1.778-169.956-269.511-218.311-326.874-226.726l-54.756-15.644-5.096 18.489c-2.963 10.548-5.57 25.719-8.415 47.881-17.304 64.593-40.77 128.948-66.133 181.333-15.881 32.593-29.748 55.23-41.007 69.57-6.637-44.207-9.6-122.43-3.793-207.644l1.304-18.37-114.844-11.378-4.148 15.644c-0.237 1.067-0.356 1.659-0.83 4.504-5.333 33.185-21.452 121.837-57.126 227.674-22.637 67.2-49.067 129.896-78.815 186.43-36.504 69.333-77.985 129.896-123.496 179.793l-12.8 13.985 87.941 80.119 12.8-14.104c50.37-55.467 96.237-121.126 136.296-195.319 26.193-48.474 50.133-100.859 71.23-156.089 1.896 2.607 3.911 4.978 5.926 7.23l0.119 0.119c16.119 17.185 36.859 26.667 58.548 26.667 27.97 0 55.348-11.141 81.304-32.948 8.059-6.874 16.119-14.696 23.941-23.467-9.6 242.844-11.022 516.741 4.859 592.119l3.911 18.607 116.741-24.889-4.030-18.607c-9.126-41.363-12.207-181.096-8.178-359.585 101.926 31.289 264.178 87.111 325.926 129.659l15.526 10.667 68.030-98.252-15.763-10.785zM794.785 246.874c0.711 68.622-26.785 125.511-81.541 168.889-34.37 27.259-72.77 43.97-101.452 53.689 4.267-127.763 10.43-244.030 16.83-320.83 29.985 7.585 71.467 20.267 106.904 38.4 22.163 11.259 59.141 34.133 59.141 59.733l0.119 0.119z"
				],
				"attrs": [
					{}
				],
				"isMulticolor": false,
				"width": 1032,
				"grid": 20,
				"tags": [
					"mr-inverse-bold"
				]
			},
			"attrs": [
				{}
			],
			"properties": {
				"order": 43,
				"id": 8,
				"prevSize": 24,
				"code": 58924,
				"name": "mr-inverse-bold"
			},
			"setIdx": 4,
			"setId": 0,
			"iconIdx": 32
		},
		{
			"icon": {
				"paths": [
					"M937.6 725.807l46.459-67.081c-62.578-42.904-189.511-89.363-283.378-120.652 93.867-49.185 188.681-141.274 186.904-291.437-1.778-160.948-280.77-203.852-312.059-208.356v0l-37.57-10.785c-2.726 9.837-5.333 25.007-8.059 46.459-36.622 137.719-98.37 263.704-136.77 283.378-13.393-34.844-18.726-141.274-11.615-244.978l-80.474-7.941c-0.948 3.556-51.911 372.859-264.652 606.222l59.852 54.519c107.259-118.044 176.119-263.704 219.022-387.081 5.333 17.896 13.393 33.067 22.4 42.904 12.563 13.393 28.563 20.622 44.681 20.622 50.015 0 92.089-42.904 126.933-99.2-11.615 251.259-15.17 569.481 1.778 649.956l79.526-16.948c-10.785-49.185-12.563-212.741-8.059-388.978 90.43 26.785 283.615 90.193 355.081 139.378zM805.333 246.637c1.778 174.341-164.504 233.363-221.748 248.533 4.504-143.052 11.615-284.326 19.674-370.133 84.030 18.726 202.074 60.8 202.074 121.6z"
				],
				"attrs": [
					{}
				],
				"isMulticolor": false,
				"grid": 20,
				"tags": [
					"mr-inverse"
				]
			},
			"attrs": [
				{}
			],
			"properties": {
				"order": 44,
				"id": 7,
				"prevSize": 24,
				"code": 58925,
				"name": "mr-inverse"
			},
			"setIdx": 4,
			"setId": 0,
			"iconIdx": 33
		},
		{
			"icon": {
				"paths": [
					"M726.637 17.659l-405.807 279.704 40.652 493.037 446.222 213.57 405.807-279.585-40.652-493.037-446.222-213.689zM932.148 377.007l-151.348 104.296-13.985-188.089 101.333-9.007 64 92.8zM907.733 280.889l184.533-14.222-131.793 90.785-52.741-76.563zM909.156 712.178l-108.919 8.296-14.696-182.163 167.704 79.526-44.089 94.341zM984.296 632.533l134.519 63.763-170.43 12.919 35.911-76.681zM731.615 296.889l14.933 184.889-169.126-80.237 45.274-95.644 108.919-9.007zM639.644 270.104l76.681-162.252 12.563 154.904-89.244 7.348zM546.489 386.963l-133.926-63.526 170.667-14.222-36.741 77.748zM533.807 416.593l-38.756 82.133-102.874-149.215 141.63 67.081zM563.674 431.881l170.193 81.778-155.022 106.785-61.393-89.126 46.222-99.437zM550.519 639.881l-127.644 87.941 77.511-160.711 50.133 72.77zM569.363 667.259l45.393 65.896-158.459 11.97 113.067-77.867zM597.689 647.704l153.007-105.481 15.881 179.437-112.119 8.533-56.77-82.489zM770.726 755.793l13.037 162.133-106.904-155.022 93.867-7.111zM802.963 754.607l89.481-6.756-76.8 164.030-12.681-157.274zM765.274 258.37l-11.259-139.97 91.852 133.215-80.593 6.756zM599.941 273.067l-172.681 14.341 246.044-169.481-73.363 155.141zM477.985 534.519l-71.111 150.281-23.585-287.644 94.696 137.363zM637.393 765.867l100.267 145.541-276.504-132.148 176.237-13.393zM930.963 743.822l182.4-13.748-259.674 178.963 77.274-165.215zM1001.007 599.941l34.252-73.244 91.615 132.859-125.867-59.615zM968.533 585.363l-166.756-78.222 149.333-102.874 61.748 89.6-44.326 91.496zM979.319 384.83l120.533-83.081-70.163 156.089-50.37-73.007zM1063.111 233.6l-177.896 14.815-102.519-148.978 280.415 134.163zM1158.044 644.267l-105.837-153.6 79.289-169.481 26.548 323.081z"
				],
				"attrs": [
					{}
				],
				"isMulticolor": false,
				"width": 1536,
				"grid": 20,
				"tags": [
					"six"
				]
			},
			"attrs": [
				{}
			],
			"properties": {
				"order": 45,
				"id": 3,
				"prevSize": 24,
				"code": 58928,
				"name": "six"
			},
			"setIdx": 4,
			"setId": 0,
			"iconIdx": 34
		},
		{
			"icon": {
				"paths": [
					"M1183.644 261.807l-423.585-236.089-416.711 249.719 6.874 485.689 423.704 235.97 416.593-249.719-6.874-485.57zM780.919 460.919l-1.185-83.437 36.148 20.267-34.963 63.17zM838.4 410.43l36.978 20.741-73.007 44.089 36.030-64.83zM755.2 460.681l-36.385-61.393 35.319-21.333 1.067 82.726zM739.911 485.333l-84.859-47.289 41.837-25.363 43.022 72.652zM712.059 499.2l-63.763 0.948-0.356-36.741 64.119 35.793zM720.474 524.8l-71.585 43.259-0.356-42.193 71.941-1.067zM733.156 547.081l-34.844 62.815-35.793-20.030 70.637-42.785zM756.622 557.867l1.185 85.215-36.978-20.622 35.793-64.593zM782.222 556.681l38.4 64.711-37.215 22.281-1.185-86.993zM810.667 554.074l63.526 35.319-31.526 18.844-32-54.163zM808.296 523.378l81.541-1.185 0.83 47.17-82.37-45.985zM815.052 497.659l73.6-44.563 0.711 43.378-74.311 1.185zM914.37 453.096l74.667 41.956-73.837 1.185-0.83-43.141zM850.844 387.911l35.556-64.237 1.422 84.978-36.978-20.741zM828.444 375.348l-36.267-20.385 71.704-43.378-35.437 63.763zM705.659 377.244l-36.741-61.985 72.178 40.533-35.437 21.452zM683.733 390.519l-36.267 21.926-0.711-84.385 36.978 62.459zM622.578 500.504l-72.652 1.067 72.296-43.733 0.356 42.667zM622.815 526.222l0.356 41.6-72.533-40.533 72.178-1.067zM685.867 632.415l-35.793 64.593-0.83-85.096 36.622 20.504zM708.267 644.859l37.807 21.096-74.074 44.326 36.267-65.422zM833.778 643.556l37.333 62.933-73.719-41.126 36.385-21.807zM855.822 630.4l35.556-21.215 1.422 83.674-36.978-62.459zM915.556 521.837l73.6-1.067-72.77 43.496-0.83-42.43zM926.341 430.341l36.385-21.926 38.281 63.881-74.667-41.956zM913.541 408.059l-1.422-84.030 37.333 62.341-35.911 21.689zM779.141 332.681l-0.593-42.074 72.296-1.422-71.704 43.496zM753.422 333.274l-72.533-40.77 71.941-1.422 0.593 42.193zM621.867 419.437l-41.837-23.348 40.889-73.481 0.948 96.83zM603.852 438.874l-71.941 43.496 35.556-63.763 36.385 20.267zM611.319 590.696l-35.793 21.689-37.215-62.459 73.007 40.77zM623.526 613.333l0.711 80.711-35.556-59.615 34.844-21.096zM758.4 688.593l0.593 42.193-73.363 1.304 72.77-43.496zM784.119 687.289l74.667 41.719-74.074 1.304-0.593-43.022zM917.096 613.452l32.119 17.896-30.815 55.23-1.304-73.126zM925.511 588.681l71.23-42.667-34.963 62.815-36.267-20.148zM1035.378 529.541l108.207 180.622-159.407-88.77 51.2-91.852zM984.652 395.022l145.067-87.704-95.17 170.785-49.896-83.081zM971.496 372.978l-50.963-85.096 198.044-3.793-147.081 88.889zM778.193 264.889l-2.37-168.296 99.793 166.519-97.422 1.778zM752.474 265.481l-100.741 1.896 98.252-176.474 2.489 174.578zM557.511 383.644l-154.074-85.807 204.089-3.911-50.015 89.719zM545.067 406.163l-44.681 80.119-93.867-157.393 138.548 77.274zM553.6 625.659l-152.889 92.444 100.504-180.267 52.385 87.822zM566.756 647.704l51.081 85.689-198.874 3.674 147.793-89.363zM759.348 756.504l2.37 167.822-98.963-166.044 96.593-1.778zM785.067 756.030l95.644-1.778-93.393 167.585-2.252-165.807zM924.919 727.822l46.815-83.911 144.356 80.474-191.17 3.437zM1049.837 503.704l96.237-172.919 4.859 341.689-101.096-168.77zM905.244 262.519l-100.504-167.704 294.4 164.030-193.896 3.674zM622.104 267.97l-197.57 3.793 293.333-175.881-95.763 172.089zM485.926 512.237l-98.133 176.119-4.978-348.919 103.111 172.8zM633.007 758.874l103.348 173.156-304.237-169.481 200.889-3.674zM910.459 753.778l200.652-3.674-298.193 178.726 97.541-175.052z"
				],
				"attrs": [
					{}
				],
				"isMulticolor": false,
				"width": 1536,
				"grid": 20,
				"tags": [
					"six-squared"
				]
			},
			"attrs": [
				{}
			],
			"properties": {
				"order": 46,
				"id": 4,
				"prevSize": 24,
				"code": 58929,
				"name": "six-squared"
			},
			"setIdx": 4,
			"setId": 0,
			"iconIdx": 35
		},
		{
			"icon": {
				"paths": [
					"M867.616 267.632l-111.248-111.248-244.368 244.368-244.368-244.368-111.248 111.248 244.368 244.368-244.368 244.368 111.248 111.248 244.368-244.368 244.368 244.368 111.248-111.248-244.368-244.368z"
				],
				"attrs": [
					{}
				],
				"isMulticolor": false,
				"grid": 20,
				"tags": [
					"x"
				]
			},
			"attrs": [
				{}
			],
			"properties": {
				"order": 55,
				"id": 0,
				"prevSize": 24,
				"code": 58933,
				"name": "x"
			},
			"setIdx": 4,
			"setId": 0,
			"iconIdx": 36
		}
	],
	"height": 1024,
	"metadata": {
		"name": "VOX-2015"
	},
	"preferences": {
		"showGlyphs": true,
		"showQuickUse": true,
		"showQuickUse2": true,
		"showSVGs": true,
		"fontPref": {
			"prefix": "vox-",
			"metadata": {
				"fontFamily": "VOX-2015",
				"majorVersion": 1,
				"minorVersion": 0
			},
			"metrics": {
				"emSize": 1024,
				"baseline": 6.25,
				"whitespace": 50
			},
			"autoHost": true,
			"embed": true,
			"showSelector": false,
			"showMetrics": false,
			"showMetadata": false,
			"showVersion": false
		},
		"imagePref": {
			"prefix": "icon-",
			"png": false,
			"useClassSelector": true,
			"color": 0,
			"bgColor": 16777215,
			"classSelector": ".icon",
			"columns": 16,
			"margin": 16,
			"height": 32
		},
		"historySize": 100,
		"gridSize": 16,
		"quickUsageToken": {},
		"showCodes": true
	}
}